x,y,total distance,
13.4,16,474.376093132424,
33.4,16,281.792514590047,
53.4,16,451.358715983222,
